Zajezdnia Obornicka,51.148737440001426,17.021068589999807
Paprotna,51.14797039542968,17.02058385720045
Obornicka (Wołowska),51.144385000003176,17.02373500000025
Bezpieczna,51.1417345334129,17.02582979138253
Bałtycka,51.137439079286395,17.029936235988473
Broniewskiego,51.13570902418009,17.036389919198985
Pola,51.13673273477139,17.04393403885881
Syrokomli,51.137287952423044,17.048406966470477
Kasprowicza,51.13787792017114,17.053602875917775
pl. Daniłowskiego,51.138610487774294,17.05957657203656
Przybyszewskiego,51.14011672999925,17.062966959999784
Czajkowskiego,51.139164330000845,17.06510721000051
KOSZAROWA (Uniwersytet),51.14049516000027,17.068479890000113
KOSZAROWA (Szpital),51.14166292000123,17.06477615000031
Berenta,51.135489404276065,17.05741526195942
KROMERA,51.132000798940666,17.064170742628242
Mosty Warszawskie,51.128297973735584,17.054719457429567
Wyszyńskiego,51.12249754429881,17.052608194783176
Ogród Botaniczny,51.11669571893269,17.0511217878138
Katedra,51.113640743515035,17.05039818048755
Urząd Wojewódzki (Muzeum Narodowe),51.10998934726576,17.048023048728002
Poczta Główna,51.10785650000178,17.045637420000244
skwer Krasińskiego,51.103828506165534,17.041506549062
Wzgórze Partyzantów,51.10399969649467,17.037605641026214
Renoma,51.10407235327389,17.030867335723435
Arkady (Capitol),51.101414365313005,17.029279174502918
Pl. Hirszfelda,51.09415899525254,17.017138726767666
Krucza,51.09365989355027,17.00922694855659
Krucza (Mielecka),51.09333501166291,17.00313644843267
Inżynierska,51.09465582807628,16.99156922251832
Aleja Pracy,51.09172218661944,16.985944894516834
FAT,51.09447767835252,16.979967113845426
GRABISZYŃSKA (Cmentarz),51.09011889829006,16.976753072962385
Solskiego,51.08149477935782,16.96818504878286
Wiejska,51.07764363944034,16.96402221613348
Kadłubka,51.076348749866895,16.968765625377458
Stanki,51.07624285274152,16.972959265483517
Bukowskiego,51.07659775216625,16.97747855562547
RACŁAWICKA,51.077484510471116,16.984314746624534
Rymarska,51.07943483828136,16.992060706132463
Wawrzyniaka,51.07732533930211,16.997524161400207
Chłodna,51.07505390203499,16.99675159757295
Sowia,51.07377055216431,17.001731782589744
KRZYKI,51.07493721362521,17.0069501585093
Dworzec Główny (Dworcowa),51.10089245101711,17.039845466063888
Krasińskiego,51.10585895999977,17.04334082000036
Damrota,51.12648854000114,17.054876099999333
Koszarowa,51.14028894071547,17.069988839346415
Sołtysowicka,51.143134060307524,17.07113347641154
Poprzeczna,51.146194510037084,17.07358015819947
Redycka,51.148925517201405,17.075392513995336
Bagatela,51.1524876463265,17.069724527940465
SOŁTYSOWICE,51.15517037000016,17.06442220999998
POŚWIĘTNE,51.15067662583326,17.028959923461535
Wołowska,51.147791426415885,17.030060731953718
Kępińska,51.14424974330183,17.031136698321085
Kamieńskiego,51.13999177290218,17.032629652161944
Grudziądzka,51.137914861379045,17.074347898565662
Brücknera,51.138864127511106,17.081326877916688
Psie Pole,51.14569165350761,17.111217136019167
Psie Pole (Rondo Lotników Polskich),51.147319373736146,17.115015048870447
Zakrzowska,51.151680973504625,17.116045066078367
Kopańskiego,51.15453338000148,17.118967050000123
Wallenroda,51.15556210719838,17.11979536237661
Królewska,51.15556756000011,17.129133420000176
OSIEDLE SOBIESKIEGO,51.159155382149684,17.13261936294323
Kwidzyńska,51.131446348126936,17.078898672064163
Zacisze,51.12427291382819,17.07802910342439
Śniadeckich,51.12017210108712,17.07739147267566
Kochanowskiego,51.115075957935225,17.073537072658418
PL. GRUNWALDZKI,51.11156750210288,17.060653898559913
most Grunwaldzki,51.11015746449836,17.05539021565659
GALERIA DOMINIKAŃSKA,51.107880935878136,17.039151498438518
EPI,51.098044505925664,17.03055225797818
DWORZEC AUTOBUSOWY,51.09711282534643,17.03361605839725
Dyrekcyjna,51.09430136000155,17.03222909000029
PETRUSEWICZA,51.091910801995304,17.032009979395525
Rondo,51.09114371158805,17.01711157799725
Hallera,51.08654621915663,17.012160219582864
Orla,51.080119019791105,17.00811253845033
Zimowa,51.07148028580008,17.000117504885953
Os. Przyjaźni,51.069395899091525,16.99700788002236
Skarbowców,51.0666216672147,16.990293797870603
KLECINA,51.06545950647575,16.98716709730526
Kościelna,51.06373547481037,16.982656014737046
WAŁBRZYSKA,51.064183940120195,16.97790038226329
Marchewkowa,51.06656834281109,16.974151476174445
GIEŁDOWA (Centrum Hurtu),51.06812971135714,16.969488357206735
Kleczkowska,51.12707772746895,17.02772497115584
pl. Strzelecki,51.12240723423404,17.02644521621624
Pomorska,51.117779025542944,17.031104337551152
Mosty Pomorskie,51.11485729232576,17.03065588268811
Rynek,51.11067833129947,17.026902034543518
Narodowe Forum Muzyki,51.10790922693007,17.026373151551166
Urząd Wojewódzki (Impart),51.10859513068627,17.049886659966788
Kromera (Czajkowskiego),51.135935399478015,17.069741881649268
Świdnicka,51.107390380172276,17.032069214728182
Mochnackiego,51.14213660309783,17.036676478560455
Jutrosińska,51.14669246707543,17.04193891857979
Kamieńskiego (Szpital),51.14869855977838,17.042974103421926
KAMIEŃSKIEGO (pętla),51.15070043125037,17.043199066250157
Różanka,51.139450896642856,17.021402726578735
Łużycka,51.136173843651285,17.016502720735232
most Osobowicki,51.13309830068997,17.026891799512295
DWORZEC GŁÓWNY,51.099916953268725,17.03561872720096
Borowska (Aquapark),51.08900696303841,17.034523903208058
Śliczna,51.085395710158444,17.035182973735505
Działkowa,51.07807454355915,17.034029824800758
GAJ,51.077073386496274,17.040640340330757
Świeradowska,51.07700734368814,17.04677210439509
GAJ - pętla,51.076842810875306,17.05063162425915
LITEWSKA,51.14231473472121,17.127789361273617
Inflancka,51.14237763943756,17.130105541399576
Kowieńska,51.14294800596707,17.135059320727198
Żmudzka,51.14463245294384,17.14121993219373
Kiełczowska,51.14561972781234,17.136392648869176
Poleska,51.146355635006465,17.129742006113442
KIEŁCZOWSKA (LZN),51.14667837000024,17.122843790000076
Trzebnicka,51.12836061807827,17.036596303291677
DWORZEC NADODRZE,51.12460407565657,17.034865194084777
Słowiańska,51.123631519450626,17.040991474072662
Nowowiejska,51.12425369505292,17.044938487642813
Prusa,51.11966935346684,17.056862461742064
Piastowska,51.11575284388964,17.060781291126442
Kliniki - Politechnika Wrocławska,51.10940122951271,17.06593343687197
Hala Stulecia,51.10705866203771,17.073365552242894
ZOO,51.10558755000151,17.077658029999178
Tramwajowa,51.104352630202975,17.084147199410317
Chełmońskiego,51.10392239824229,17.09062010966949
Piramowicza (Kampus Biskupin),51.10312467351787,17.09637429030807
Spółdzielcza,51.102207521718654,17.10209566084157
BISKUPIN,51.101246115102036,17.10909321385235
Zajezdnia OŁBIN,51.123839410000066,17.041043909999864
Reja,51.11251643287598,17.056568529138765
Zaolziańska,51.09765401647509,17.025300909464864
Wielka,51.09389164721024,17.02082018066235
Sztabowa,51.088469357406,17.01442409009528
Jastrzębia,51.08395904673043,17.01040067057299
Sanocka,51.09333614718431,17.030320515633175
Uniwersytet Ekonomiczny,51.08960889334415,17.027924760665027
Zajezdnia GAJ,51.08926588000025,17.029680360000143
pl. Bema,51.11713999320419,17.042129216135496
Na Szańcach,51.11913568371027,17.042034148203115
Jedności Narodowej,51.12127727611531,17.043365239039275
Zajezdnia BOREK,51.078624720000406,17.0069904299999
LEŚNICA,51.144810706869706,16.871816149458958
Jeleniogórska,51.1454423720047,16.87772394026568
Wschowska,51.1448787434268,16.881475164333743
Złotnicka,51.14374332201183,16.889756309273523
Kamiennogórska (Ośrodek dla niewidomych),51.14255693392321,16.899899116792692
Kosmonautów (Szpital),51.14187933631393,16.905905511001354
Grabowa,51.13985214056698,16.92118310380991
Aleja Architektów,51.13887885021341,16.92894296230125
Glinianki,51.13800582780269,16.935672327767485
Tarczyński Arena (Lotnicza),51.137304669240095,16.940773129626745
PILCZYCE,51.13607676015657,16.95044356331091
Metalowców,51.1327845904082,16.957790843299243
Bajana,51.130667310475346,16.96715297799872
Park Zachodni,51.12935968888009,16.9717911612204
DH Astra,51.12806388170936,16.97609674311412
Kwiska,51.12536293753664,16.98346208313788
Małopanewska,51.1238269540927,16.987493155730583
Niedźwiedzia,51.12139676638282,16.993492634693936
Wrocław Mikołajów (Zachodnia),51.116501798783055,17.00039629427054
pl. Strzegomski (Muzeum Współczesne),51.11300853206312,17.00732988411609
Młodych Techników,51.1128233895998,17.012029294667407
PL. JANA PAWŁA II,51.1120674565098,17.021026629931757
Zamkowa,51.10795672656571,17.029533593193076
pl. Wróblewskiego,51.105092885336724,17.048206741346643
pl. Zgody (Muzeum Etnograficzne),51.100249054684376,17.05381577073356
Na Niskich Łąkach,51.09677035074043,17.05618965463278
Krakowska,51.09302286869135,17.060539046516972
KRAKOWSKA (Centrum handlowe),51.09010415335507,17.06467180486285
Armii Krajowej,51.087214078080706,17.0694420981564
Park Wschodni,51.085038481888084,17.072159887014028
Karwińska,51.08185171790575,17.077025602861628
Głubczycka,51.080185549998234,17.08005877999951
KSIĘŻE MAŁE,51.07743712113768,17.083909105842377
Komuny Paryskiej,51.10188235369323,17.04660927460333
Kościuszki,51.10015344448058,17.04514486906296
Pułaskiego,51.098257785495065,17.04301483312797
Park Staromiejski,51.10506229862011,17.037002117426223
ŚWIDNICKA (Dom Europy),51.10681211999854,17.03341337999962
Opera,51.105545320858326,17.03201269971437
Oławska,51.108634780000635,17.033987229999553
Wita Stwosza,51.11073821999928,17.034973519999838
Ossolineum (Uniwersytecka),51.11263201999877,17.035853519999662
Dubois,51.11706713563166,17.033986646131208
Paulińska,51.12064149211643,17.035200568779217
Uniwersytet Wrocławski,51.113707694532636,17.03222570675205
pl. Legionów,51.10437650581022,17.022123713921292
Kolejowa,51.103186382159485,17.01683776577886
Grabiszyńska,51.102016102675826,17.013175450949923
Pereca,51.10109454093128,17.00770522905317
Stalowa,51.09950596064231,17.001014995328816
pl. Srebrny,51.098466492031505,16.99619079162559
Bzowa (Centrum Historii Zajezdnia),51.097609069518505,16.992290247908592
Hutmen,51.09600705419866,16.985864327461318
Fiołkowa,51.092433514410764,16.977783100892612
GRABISZYŃSKA (Cmentarz II),51.087797533722316,16.975539412136
OPORÓW,51.084105229645246,16.97156728863739
Gajowicka,51.08825546919856,17.006446158854
Mielecka,51.08959636224778,17.000340084981353
Ojca Beyzyma,51.09043200803304,16.992615912756474
pl. Orląt Lwowskich,51.107361786936345,17.02162490199303
Kępa Mieszczańska,51.11682980321947,17.024851693238222
Dworzec Główny (Stawowa),51.09988493551328,17.033865520653876
Daszyńskiego,51.12680116708482,17.047958617000972
Kętrzyńska,51.13092165999925,17.074271559999673
Gęsia,51.13187058499961,17.087963644999686
Bociania,51.12980191000127,17.097967704999977
KOWALE,51.12817803670052,17.102149491167484
Radio i Telewizja,51.07165065459458,17.005860892222675
Przyjaźni,51.06861558602178,17.003689700180846
Braterska,51.067644814199674,16.999382662150662
Sąsiedzka,51.06667338484637,16.994134966501296
Joannitów,51.09362529835775,17.035329450990446
Gajowa,51.09185743149003,17.039965163645387
Prudnicka,51.08962495196638,17.04492853201035
Kamienna,51.085584626302264,17.04752055716993
Bardzka,51.08303853446178,17.049554103601412
Nyska,51.08299175782313,17.054628567682553
Tarnogajska,51.08367528550718,17.0596775515606
Klimasa,51.08006969963958,17.062531010181054
TARNOGAJ,51.07824850788298,17.06409011157169
pl. Nowy Targ,51.11039680416311,17.039092452519274
Hala Targowa,51.1127131042118,17.03949875635145
KARŁOWICE,51.13413487999902,17.036930225000088
SĘPOLNO,51.11395812093283,17.103745744618312
Godebskiego (AWF Wrocław),51.113841371878905,17.097500330209943
8 Maja,51.11356828672314,17.09141146127977
Stadion Olimpijski,51.116958454857254,17.089966626292302
Karłowicza,51.116980380000264,17.086259419998935
Chopina,51.11680755999991,17.081809674999025
Grunwaldzka,51.115077053901764,17.06725128297807
Górnickiego,51.11629349729402,17.05539575840617
Wiśniowa,51.083893861598874,17.0247045060968
Jaworowa,51.08136814615218,17.022358312564542
Weigla (Szpital),51.0768878186535,17.01836531092447
Pułtuska,51.07430878697856,17.01598405091254
PARK POŁUDNIOWY,51.07258732607716,17.012200294389288
Kolista,51.13299425706784,16.97311157905373
PILCZYCKA (Anima),51.13512564000401,16.969188635000386
Modra,51.13680438926795,16.966446933933806
Górnicza,51.140313125738984,16.959098427521113
KOZANÓW (Dokerska),51.14143634067877,16.963772638729175
Kozanowska,51.13902941775216,16.965338851235803
Bujwida,51.11350979562977,17.067213898419087
Dolmed,51.114249553198036,17.002507435625063
Śrubowa,51.11208871799031,17.000850231766982
Wrocławski Park Przemysłowy,51.1129450844017,16.994840339260357
Park Biznesu,51.11402135693363,16.98452231586452
Babimojska,51.11405405948594,16.977975908641532
Strzegomska 148,51.114364300374774,16.97370678848663
Nowodworska,51.113818445297326,16.9647615860171
Strzegomska (krzyżówka),51.11243575154504,16.96055494777576
Rogowska (P+R),51.110406476373925,16.955868273676373
Rogowska (ogrody działkowe),51.111504500002646,16.952407500000593
Budziszyńska,51.11272650000014,16.94976050000022
Zemska,51.11578349999886,16.946974722221597
Park Tysiąclecia,51.11804700000035,16.946181500000083
Wrocław Nowy Dwór (P+R),51.119706346551276,16.952334848854417
Hubska (Dawida),51.09334067261948,17.042891026036873
Krynicka,51.07957845533961,17.050563222814
Morwowa,51.07674979847682,17.051814668568984
Michalczyka,51.118694481180945,17.015573125479126
Wrocław Szczepin,51.12163731317506,17.01241597023318
Długa (ogrody działkowe),51.12456080778364,17.010514000567504
Wrocław Popowice (17.południk),51.12605865680787,17.00228354712966
Park Popowicki,51.12622223941294,16.99665762791784
Białowieska,51.12724253591256,16.992589279926445
Port Popowice,51.128520074811235,16.989782518920524
Wejherowska (Hala Orbita),51.129599858724355,16.985420015618185
Dworska,51.14364708648105,16.953648326131102
TARCZYŃSKI ARENA (Królewiecka),51.14437637762069,16.949299776970104
Smolecka,51.110852806557965,17.00647919508233
Dworzec Świebodzki,51.108884849868765,17.01814058576979
GRABISZYNEK,51.09066946999999,16.98893291
Złotostocka,51.07723736109028,17.06107130722324
Gazowa,51.07821765777698,17.069626885146196
Księska,51.076592164999965,17.08970617500002
Blizanowicka,51.075972669999864,17.092587224999995
Starodworska,51.073860499999896,17.108568999999992
Mokry Dwór - Starodworska,51.071751000000155,17.11717600000004
MOKRY DWÓR,51.0711730000001,17.123951000000027
Irysowa,51.15103878893866,17.017640676163545
Obornicka (Obwodnica),51.15746764812752,17.01014571725121
most Milenijny,51.136416930641936,16.999387599121025
Milenijna (Hala Orbita),51.13227893044479,16.989599562577098
Królewiecka,51.145540188704885,16.94556705280818
Warmińska,51.14660610321636,16.93927767362582
Królewiecka (Park),51.14858639391731,16.93059001467802
Suwalska,51.152013210876255,16.926985187953424
Brodzka,51.157522847179,16.922718275622596
Lubelska,51.16370117500034,16.91920627500005
Zbożowa,51.17347406000016,16.912546559999672
PRACZE ODRZAŃSKIE,51.17440633372278,16.9062132440278
PRACZE ODRZAŃSKIE (Stacja kolejowa),51.17177538451563,16.902944985744302
STABŁOWICKA (Ośrodek zdrowia),51.16716684769666,16.89892220332201
Główna,51.16323671511333,16.896276155737677
Park Stabłowicki,51.159933214999484,16.89369786499941
Stabłowice,51.156081575001934,16.890742259999698
Ciechocińska,51.1526597659574,16.88377402127669
Śnieżna,51.149594558155876,16.879142758936155
Średzka,51.14533856167727,16.86654313192784
Stabłowicka,51.17033999999884,16.90162799999971
Królewiecka (Staw),51.15448678000004,16.924040889999983
Wiślańska,51.13615354989833,16.978977690205497
Dzielna,51.13874664330502,16.97582110928516
KOZANÓW,51.13762368495234,16.96851276512004
Maślicka (Osiedle),51.14758130144144,16.947705951115655
Rędzińska (Cmentarz),51.14897588478815,16.945422682371234
Maślice Małe (Brodnicka),51.153120291096904,16.93983041111133
Śliwowa,51.15490008000044,16.93899342000049
Maślicka (Staw),51.15595269544919,16.935977665651077
Północna,51.15729540130117,16.933986149037345
Kozia,51.15757228692347,16.927345741793204
Jędrzejowska,51.1582527059815,16.91722209340361
Chwałkowska,51.15966197606363,16.910447437675412
Wełniana,51.161012307134364,16.90485549146449
Wojanowska,51.15393856363467,16.89410015665606
Arachidowa,51.154343292606946,16.898375872953295
Olbrachtowska,51.1528933652249,16.90455255921695
Stoszowska,51.151503192786656,16.91093013281882
Fieldorfa,51.146489610592546,16.907910088401007
Fieldorfa (Szpital),51.14428659626503,16.90686634651034
Głogowska,51.117560836908154,17.00377725614401
Szczepin,51.11738446755045,17.00748358387233
Inowrocławska,51.11551273279956,17.01462118767933
PL. SOLIDARNOŚCI,51.11340959000121,17.017961440000306
LITOMSKA (ZUS),51.119908649998884,17.01013738999982
JANÓWEK (WOŚ),51.19173068500004,16.906191834999944
Janówek,51.19808300000012,16.905891970000013
Turoszowska,51.15291131499966,16.94747067000014
RĘDZIŃSKA,51.15738767000025,16.94887637000008
OSOBOWICE,51.137545868843006,16.99384456007644
Jarocińska,51.14211459876492,16.990408889732713
Lipska,51.14463710953264,16.98709446290488
Witkowska,51.14805072499986,16.98872323999996
Góra Kapliczna,51.15139443000038,16.992921529999947
ŚLAZOWA,51.15259931999974,16.996096570000105
OSOBOWICKA (Cmentarz),51.13527025999878,17.004894705000943
OSOBOWICKA (Cmentarz II),51.13472053999857,17.010037325001043
Bałtycka (szkoła),51.13859908000042,17.028808669999382
Ostowa (Muzeum Militarne),51.16237746500082,17.002891359999925
Pełczyńska (Stacja kolejowa),51.16570276999957,16.998795004999263
Kominiarska,51.16905337499955,16.99717160000001
Lipa Piotrowska,51.173285589998976,16.994653759999526
Perzowa,51.17699338999985,16.991153334999883
Zajączkowska,51.19307497000012,16.978028175000013
ŚWINIARY,51.19664243000038,16.975150870000085
Ćwiczebna,51.158409519999964,17.008960430000144
MIŃSKA (Rondo Rotm. Pileckiego),51.106090453207315,16.949555260844285
Płaska,51.10897740537135,16.942421584213985
Zagłoby,51.109673208486434,16.92912089468878
Przybyły,51.108927525043896,16.917946838160276
Graniczna,51.10853947593567,16.909638432908263
Skarżyńskiego,51.1092246545094,16.90475563937677
Zarembowicza,51.107908788100694,16.899390882995256
Strachowice General Aviation,51.10501115000068,16.899064299999804
Graniczna (Strachowicka),51.11090988655774,16.898401232848272
Rdestowa,51.111106495696646,16.889409147952442
PORT LOTNICZY,51.109776248988744,16.881189507640375
MUCHOBÓR MAŁY (Stacja kolejowa),51.11257865999959,16.97060419999985
Gądowianka,51.11970405968764,16.972060919243734
Na Ostatnim Groszu,51.12311531939336,16.975651830138535
Morelowskiego,51.06995269516613,16.968603584722654
Adamieckiego,51.07377016813668,16.963324604146397
Ostrowskiego,51.09526980900636,16.97322516178506
Końcowa,51.09590127802797,16.962301662007402
Krzemieniecka,51.09655572394316,16.95592667589733
Trawowa,51.097164347087066,16.94995224477767
Stanisławowska (W.K. Formaty),51.096891960864745,16.946872749234956
Muchobór Wielki,51.0988947492608,16.941413042363035
Muchobór Wielki (Roślinna),51.10176330000083,16.944031190000242
Tyrmanda,51.10315176204653,16.94573033563252
Chociebuska (C. K. Nowy Pafawag),51.115238973338066,16.958315482438767
Rogowska (Ośrodek sportu),51.11863739770775,16.95433383605482
Kołobrzeska,51.1213035047543,16.945794717133328
Szczecińska,51.12250107765588,16.930886643764463
Żerniki,51.12336488005106,16.923885996600102
Strachowicka,51.12359434191041,16.917979815818207
Żernicka,51.125673926477354,16.912035500782995
Jerzmanowska nr 9,51.12610151255521,16.909446039554396
Jerzmanowska nr 17,51.12746897607551,16.901206681146686
Częstochowska,51.13402328918968,16.900204739594326
Halicka,51.136808637838975,16.90141580270218
Zagony,51.10079893610919,16.942183822207014
KLECINA (Stacja kolejowa),51.05815999999984,16.987911000000036
Lawendowa,51.16979362999976,17.000354294999983
Rzemieślnicza,51.171162549999906,17.00424152999997
Kominiarska (plac sportowy),51.17519329000038,17.01147993000003
PRACZE WIDAWSKIE,51.177676479999874,17.015596870000053
Iwiny - rondo,51.044916373444295,17.060876302455696
Vivaldiego,51.049703739998684,17.059194234999374
Kajdasza,51.05352892499844,17.05792552999993
Jagodzińska,51.05811077500198,17.056711359999767
Malinowskiego,51.0624165195772,17.05521903888853
Konduktorska,51.06690925617694,17.054610318984484
Buforowa-Rondo,51.06984458014781,17.05384457180484
BARDZKA (Cmentarz),51.07268264287052,17.05306843591636
Iwiny - Kolejowa,51.04043197000008,17.075214380000023
Iwiny - Kościuszki 21,51.04100036,17.07472228999997
IWINY - pętla,51.042309999999894,17.07227600000004
Tymiankowa,51.17574167500145,16.99371648999997
Cynamonowa,51.175962644999885,16.99830818500016
Waniliowa,51.1783329899995,16.999584425000236
KMINKOWA,51.17949395000087,17.006040590000246
Zakładowa,51.129958171137574,17.038500067006304
Słonimskiego,51.13053053122802,17.044750776376944
C.H. Korona,51.14164905498069,17.09107462384843
Zielna,51.145282295865414,17.107588511969468
Świętokrzyska,51.1172973300001,17.04418631999982
Wyścigowa,51.070156570570866,17.01170661561236
Malinowa,51.06684167494978,17.01057669161876
Ożynowa,51.06467449884878,17.00968418514368
rondo Św. Ojca Pio,51.05962312121029,17.007196025902015
Wysoka - osiedle,51.05145872146809,17.00233898146791
Wysoka - Radosna,51.048732804847944,17.000130003939415
Wysoka - Chabrowa,51.04749740969699,17.005996623333317
Wysoka,51.04617267636337,17.012733429090915
ROD Storczyk,51.0477096007311,17.01597699512199
Kutrzeby,51.05208618975655,17.019119367804848
Ołtaszyn,51.05694977548731,17.023784218712684
Świt,51.0606333857789,17.026235735086487
Parafialna,51.06259372717445,17.03218821696006
Wojszyce,51.06561698881168,17.03231308648275
Przystankowa,51.0707759346812,17.03238185146416
Borowska (Szpital),51.074994139162385,17.032806189424228
ROD Bajki,51.08323705708217,17.034949486879366
Oboźna,51.058525484784596,17.032549963333402
Gałczyńskiego,51.054658923294255,17.032230798706024
Grota-Roweckiego,51.05071744488855,17.03020877999967
Kurpiów,51.05478042066678,17.02674393400012
Strachowskiego,51.05841403288964,17.0147407511112
Husarska,51.060166097555104,17.001642668888707
Partynice (tor wyścigów konnych),51.061269030076446,16.99769262152703
Świstackiego,51.09927714857841,17.05050972315232
Wiaduktowa,51.075334262038716,17.076246560498394
Topolowa,51.069531027963514,17.080264826278334
BROCHÓW (Stacja kolejowa),51.063676810644424,17.083113369812974
Chińska,51.060660147032536,17.08248598687052
BROCHÓW,51.05895295129817,17.08672150057998
Ziemniaczana,51.05388147167201,17.09246329402752
Arabska,51.0511357059729,17.09237494334448
BIEŃKOWICE,51.04770885000031,17.091019560000117
Komuny Paryskiej (szkoła),51.10257931000059,17.044647079999816
WOJNÓW (pętla),51.09590147999995,17.165967939999977
Wojnów,51.09722519464772,17.16373868059408
Strumykowa,51.10094011745977,17.158253561513167
Smocza,51.10304718978336,17.15507511005411
Kmieca,51.10493512513596,17.146206390648935
Zagrodnicza,51.10695441908076,17.1427357848649
Niedziałkowskiego,51.10928079945941,17.138810313675748
Mikołowska,51.11098250589253,17.13679378864874
Swojczyce,51.114710731732735,17.128378278579394
Magellana,51.11350738226508,17.121810255130296
Kolumba,51.1141508309427,17.116628184288505
Monopolowa,51.115453759270814,17.11225048666031
Park Szczytnicki,51.11147444210101,17.082599752068536
Mickiewicza,51.10887507549251,17.073652065671734
RUBCZAKA (Stacja kolejowa),51.14318839206645,16.866600619118717
Rubczaka,51.1441419466084,16.86602737871142
Serowarska,51.143070736351476,16.863153513851252
Trzmielowicka,51.141328115270454,16.854964060675727
Pustecka,51.139963350000095,16.853915380000124
Miodowa,51.13535019364871,16.84883979006755
Szkolna,51.1320781275003,16.848145481351377
Ratyń - skrzyżowanie,51.130155153763866,16.847716582844555
Gromadzka,51.12923761247842,16.85436685508695
RATYŃ,51.12973878782053,16.86053205878215
Rodła,51.12475352999994,16.86358603999999
Kośnego (Jerzmanowska),51.12065480000068,16.864162554999744
Adamczewskich,51.12089867499965,16.869548215000172
Jasińskiej,51.12091705500111,16.876635670000198
Jerzmanowo (Cmentarz II),51.12319263000059,16.88278895999983
Jerzmanowo (Cmentarz I),51.12389585482301,16.88496379972104
Piołunowa,51.122209338678104,16.879634476953903
Eluarda,51.14636375409815,16.867349874972557
Brzezińska,51.149650839999794,16.866717240000042
Owczarska,51.15275877000017,16.86356214999993
Dolnobrzeska,51.15499192590144,16.858580785355088
Krępicka,51.151233100000056,16.856374450000054
Krępicka - szkoła,51.15001334000024,16.86044906999997
RĘDZIN,51.166150310000255,16.966735880000044
Las Osobowicki,51.14789475305859,16.98402233694176
Olsztyńska,51.1399164699997,17.09459513499985
Kowalska 56,51.1362495750001,17.097509330000054
Kowale (Stacja kolejowa),51.13405265999981,17.101945014999817
Działdowska,51.13316521500011,17.105616269999963
Tczewska,51.131035575000325,17.111559849999857
Kowalska,51.129334594999904,17.113376670000072
Kowalska I,51.126552579999974,17.11537933
Ceglana,51.12111540356302,17.120942361034455
Gospodarska,51.11823492908038,17.124140735977107
Miłoszycka,51.1165795732184,17.126974249425476
Volvo,51.12019199999995,17.114745000000006
Volvo - brama II,51.11811399999996,17.111662999999986
Szkocka,51.10969146012494,16.9687107852436
Awicenny (Stacja kolejowa),51.09141271014963,16.95055401895243
Awicenny (Poczta Polska),51.08672703999995,16.94930840999998
Awicenny,51.08770380814684,16.952611840877907
Rakowiecka,51.097166694027855,17.06795161986106
Międzyrzecka,51.09463917785831,17.08064379539869
Bierdzany,51.09191485280601,17.091962388877487
Nowy Dom,51.09337795168367,17.107163994591858
Opatowicka nr 59,51.09512499693905,17.11617307627544
Opatowicka nr 85,51.09518131244891,17.123095559183596
OPATOWICE,51.09478752116113,17.129533440064503
Opatowicka nr 127,51.092055574999925,17.13298777500007
Zalewowa,51.09065238000011,17.13482613499996
Trestno - świetlica,51.08135285714285,17.145742452381
Trestno - kościół,51.080240130952504,17.145033047619055
TRESTNO (pętla),51.07577132999996,17.14536285000003
BLIZANOWICE,51.070198060000024,17.15723419
MULICKA,51.14551524279444,17.11683780136158
Gorlicka,51.1435380224094,17.119932187108216
Szewczenki,51.14177315873651,17.12418536417584
Kiełczowska (Cmentarz),51.14513864464688,17.148892377121253
Piłsudskiego,51.101927657856656,17.025025400372872
Gwiaździsta,51.0995503699997,17.026288559999884
Orlińskiego,51.12231983437725,16.97241878378621
Drzewieckiego,51.12168751829703,16.967828365640965
Hynka,51.1224195591307,16.96187786037942
Bystrzycka,51.123751118896195,16.958527129744613
KUŹNIKI (Stacja kolejowa),51.12622534139797,16.954972471848013
KUŹNIKI,51.12371004430293,16.950779865924698
Hermanowska,51.12225427959502,16.95580558266001
Wolska,51.146788483443444,16.869367238410558
Polkowicka,51.15534602543062,16.873262538543006
Hartmana,51.16016177695362,16.877309194635867
Marszowicka,51.16308855476827,16.87843233046364
Bojanowska,51.1652298089397,16.88163403668868
Małomicka,51.166752866622396,16.88713756350993
Marszowice,51.167292690775966,16.890726168173707
Rękodzielnicza,51.13664486353602,16.959100907867327
KSIĘŻE WIELKIE,51.06983317000032,17.09753488000011
Brochowska,51.069064080000736,17.09387185000011
Sosnowiecka,51.07055930999941,17.09154460500017
Zagłębiowska,51.07338778999918,17.088577004999713
Wapienna,51.086980395000744,17.042786305000117
Drukarska,51.089920448387645,17.020816520239368
Grochowa,51.096695440169896,17.00492502640676
ROD Oświata,51.101464109239586,16.97280022700477
Wrocławski Park Technologiczny,51.1055887569692,16.970717319529697
Widna,51.08626997000027,17.04487696
Arena,51.094581129999774,17.02683274500023
Komandorska,51.09225896499993,17.023923845000084
Kolbuszowska (Stadion),51.09399566793373,16.997088503849643
Jordanowska,51.07883242110488,16.95751484891449
Chachaja,51.08194364870802,16.956036657033486
Tyniecka,51.07211559000005,16.958540950000028
Kwiatkowskiego (Rondo),51.072525970000044,16.953639410000036
TYNIECKA (pętla),51.075961590000006,16.952893749999944
Zaporoska,51.09719376091702,17.014419955944025
Szybowcowa,51.1297490537957,16.96561527294567
Bulwar Dedala,51.127066535088325,16.96345856899918
Racławicka (szkoła),51.08468135000091,17.006950470000348
Modlińska,51.081549879395155,17.000418297906222
Wojszycka,51.06771886999958,17.01432279999993
Gajowicka (szkoła),51.08460418000112,17.003812029999917
ZWYCIĘSKA,51.05929286999931,17.011288230000225
Sudecka,51.08515854712558,17.017626224051728
Żelazna,51.09612796000095,17.012496490000068
Tęczowa,51.10543744529215,17.014423155992063
Przedwiośnie (Stacja kolejowa),51.16001304878895,17.121638069778996
ZAKRZÓW,51.16210614963316,17.124854308379184
Żmigrodzka (Obwodnica),51.15423733601491,17.028388372930532
Poświęcka,51.15627219500039,17.033907879999973
POŚWIĘCKA (Ośrodek zdrowia),51.15649943999969,17.032098079999933
Serbska (C.K. Agora),51.13377955873797,17.019810515734104
Kaczorowskiego,51.12656955197972,16.88069025497467
Jerzmanowo (Cmentarz),51.12499244497472,16.88836455954308
Osiniecka,51.12178340609143,16.891237020304725
Gąsiorowskiego,51.143856983557086,17.039626415280893
Milicka,51.15255661111184,17.043550848148286
Kątowa,51.155932481156626,17.044264570296495
Ługowa,51.15899156056657,17.044560196000585
Starościńska,51.16255750926127,17.0457926027136
POLANOWICE,51.165992000000095,17.047189999999762
Strzegomska (Muzeum Współczesne),51.11245800000022,17.005203999999715
Połabian,51.05647879443091,16.97090199303778
Słoneczna,51.059297032207,16.97418083093877
Marcepanowa,51.062068713989724,16.976109054225528
Orzechowa,51.08314848204691,17.040645819510086
ROD Zgoda,51.066169732151444,17.05962384912794
Tunelowa,51.06500156314011,17.065094600581435
ROD Mieczyk,51.06400593505798,17.070902907790718
Park Brochowski,51.06299286046477,17.075371377732463
Semaforowa,51.061703010000166,17.079560930000042
ROD Bielany,51.05530356508696,16.97757546387288
C.H. Aleja Bielany,51.04792154999996,16.961228859999952
AUCHAN,51.052064800000075,16.974053540000043
Iwiny - Brochowska/Polna,51.04699599999999,17.081918
Iwiny - Słoneczna,51.04239654,17.07709884
Armii Krajowej (Bogedaina),51.08543714546034,17.065761169195266
SPISKA (Ośrodek sportu),51.08335194619678,17.030548018450684
Grzybowa,51.15903695810072,16.85317025016763
Mokra,51.171510750614345,16.837550198100526
Las Mokrzański,51.176072300663485,16.83356086767776
Zajazdowa,51.147838709999824,16.865611589999965
Leśnica - Hermes,51.14598546181482,16.865992516329033
Mokrzańska,51.147428703079754,16.853643808818745
ŻAR,51.14980612156017,16.834453513899767
Uniwersytet Dolnośląski DSW,51.11218367204354,16.9902131021507
Fabryczna,51.11241556521453,16.98309591467741
Otyńska,51.11262829569886,16.97756010215035
Krzeptowska,51.12026457500067,16.856175470000203
Jarnołtowska (Samotworska),51.120118974999876,16.850065909999945
JARNOŁTÓW,51.12141764000003,16.843934399999906
Kośnego (Jarnołtowska),51.120446730000374,16.863140100000077
Szkoła Żerniki,51.12129656000001,16.925963730000003
Biegasa,51.09980699457991,17.086523113820913
Dembowskiego (Kosiby),51.10599654285721,17.090542799999557
Skierniewicka,51.07790008302113,17.014691491013632
Jarzębinowa,51.08161095808834,17.016638936214093
Zielińskiego,51.09831443093156,17.020368968629217
Libelta,51.109744840492816,17.10855395960025
Monte Cassino,51.10647960144034,17.104828309082635
Okrzei,51.10639035539097,17.098856701750705
Partyzantów,51.10628739433307,17.09302834769533
BARTOSZOWICE,51.10254809999975,17.116067060000155
Bacciarellego,51.10554419723972,17.111032181176526
Piwnika-Ponurego,51.14985610410779,17.110450451027127
ROD Źródło Zdrowia,51.150939987405806,17.108144324594445
ROD Pod Dębem,51.15401933675621,17.104557515513537
Białych Goździków,51.15686476545907,17.100136909946034
KŁOKOCZYCE,51.15696052999959,17.096281510000093
Psie Pole (Gorlicka),51.145838759999705,17.11371681000009
Wielkopolska,51.14086636666636,16.88723826629083
Złotniki,51.13922237572754,16.892529607370808
Małopolska (Ośrodek dla niewidomych),51.13769115647838,16.898288216009526
PSIE POLE (Stacja kolejowa),51.14976045791259,17.119790946849843
Dobroszycka,51.15139809585377,17.127440858780453
BIERUTOWSKA (Ośrodek zdrowia),51.15164899999993,17.13074899999995
Azaliowa,51.164071109999234,17.11195460999993
Pawłowice,51.165493292727476,17.106485013636252
Starodębowa,51.16734069454561,17.10591514545479
Pawłowicka,51.16888710500001,17.112860359999992
Przebiśniegowa,51.17275801499996,17.11344368500029
PAWŁOWICE (Widawska),51.17341597,17.116421669999923
Malwowa,51.16692786999949,17.109985420000115
METALOWCÓW (Ośrodek sportu),51.12972716985949,16.954961152701788
Aleja Wędrowców,51.088327706145385,16.99209030135422
Ślusarska,51.08446259461745,16.990449830208345
BLACHARSKA,51.08210108999993,16.989602530000035
Hippiczna,51.06820493487191,17.008900151025756
Moniuszki,51.11944601228585,17.084543514857142
Lutosławskiego,51.063234500000206,17.048963500000017
Asfaltowa (szkoła),51.06426999999996,17.042355999999963
Klasztorna,51.0645004999999,17.03822499999994
Witelona,51.11245554000004,17.07368388999999
Biskupice Podg. LG Electronics,51.024234989999975,16.890503799999955
Biskupice Podg. LG Energy Solution Wr. I,51.01729023000006,16.88065121
Biskupice Podg. LG Chem,51.01598893000008,16.886717979999972
Biskupice Podg. LG Innotek,51.018383020000115,16.888832090000037
Biskupice Podg. DSC Poland/Dong Yang,51.02005402000011,16.895884719999987
Bielany Wrocławskie - Makro,51.04555658413793,16.970399885517338
Bielany Wrocławskie - Kościół,51.04038464551738,16.969247462758556
Bielany Wrocławskie - Boczna,51.03758999999993,16.968352859999893
Bielany Wrocławskie - Kwiatowa,51.032471000000314,16.967816000000003
Bielany Wrocławskie - skrzyżowanie,51.039049258620686,16.971450858275816
Bielany Wrocławskie - PKP,51.03790018758615,16.976328692758685
Ślęza - skrzyżowanie,51.03724843103451,16.98538536896548
Ślęza - Dębowa,51.039119719999896,16.986829750000005
Ślęza - autostrada,51.04291098551723,16.99122849896552
Sucha,51.09681833000004,17.038202440000006
Ślęza - Szyszkowa,51.03934860000008,16.987060539999995
PL. STASZICA,51.12265399999938,17.029684999999883
Żórawina - kościół Św. Trójcy,50.98042600999998,17.039577099999992
Żórawina - Orange,50.984682222666606,17.023345116000023
Żórawina - osiedle,50.987617661999884,17.01238054533334
Szukalice,50.99885027358504,17.00607763735846
Rzeplin - Al. Lipowa ,51.00323036500009,17.01895624500002
Suchy Dwór - skrzy. Mędłów,51.00723957866676,17.03757298266667
Suchy Dwór - skrzy. (Wrocławska/Główna),51.01921387666671,17.035902007999994
Biestrzyków - Wrocławska,51.035418499333346,17.030463727333338
Łozina - skrzy.,51.23243975999984,17.175291519999977
Łozina - Cmentarz,51.22850871612254,17.180559330816333
Budziwojowice,51.22298129469393,17.188051819387763
Łosice - plac zabaw,51.2167895859184,17.20380746795923
Łosice,51.21670926235305,17.205071485294113
Dąbrowica,51.21755121647058,17.216623568235295
Dobroszów - skrzy. Węgierska,51.212596313636446,17.22643219666658
Dobroszów Oleśnicki,51.21624039575739,17.228756571818124
Januszkowice - Wrocławska,51.22121377999994,17.238879040000025
Szczodre - stawy,51.20447059490185,17.20516277313731
Szczodre - Szkoła,51.19820718117658,17.18965570372549
Domaszczyn - Wrocławska sklep,51.19007768818184,17.17078022381812
Domaszczyn - Kościół,51.18805341116504,17.164913633980525
Szczodre - pętla,51.1944979678897,17.18280990477069
Szczodre - Trzebnicka,51.19047521500019,17.18407141499994
Długołęka - Parkowa skrzy. Konopnicka,51.1829978599999,17.188976869999916
Długołęka - Parkowa/skrzy.,51.17920481499997,17.190412754999862
Długołęka - Kasztanowa,51.17746826500047,17.187751519999953
Długołęka - Wiejska,51.17493344500044,17.17858687999989
Mirków - Jagiellońska,51.167830625000015,17.164468694999982
Mirków - Sportowa,51.16353196500042,17.157201429999986
BIERUTOWSKA (Wiadukt),51.158330065000015,17.147115884999998
Bierutowska 75,51.15586147500029,17.140332755000138
Bierutowska,51.15396840999972,17.136561315000037
Bierutowska 65,51.152242079999674,17.131863749999948
Szczodre - Trzebnicka (na wys. nr 3a),51.18483949999985,17.18700377000004
Łozina - Kościół,51.23222324000009,17.17635535999996
Długołęka - SELGROS pętla,51.183109670000015,17.198590289999988
Januszkowice - Wierzbowa,51.224019040000016,17.23846002
Januszkowice - skrzy. Kępa,51.23272027000001,17.23653591
Jaksonowice (na wys. nr 27),51.2447752,17.241798
Jaksonowice - skrzy.,51.24956308999993,17.24524398999999
Pietrzykowice - Sportowa/pętla,51.053881907600136,16.87637186800001
Pietrzykowice - Sportowa/Główna,51.053594788732234,16.878640366197143
Pietrzykowice - Wrocławska/Stawowa,51.055534765666714,16.88212945966667
Jaszkotle - kościół,51.057084395999915,16.901777845000034
Cesarzowice skrz.,51.06262349999997,16.92358050000001
Mokronos Dolny - Parkowa/Stawowa,51.07089621176474,16.9383119882352
Jaszkotle - Palmowa,51.05638690928572,16.90347702285715
Gądów,51.05115342857143,16.909651428571433
Gądów - Świerkowa,51.04697585714284,16.91108207142857
Nowa Wieś Wr. - pętla,51.04553799999998,16.918509999999994
Nowa Wieś Wr. - Relaksowa (na wys. nr 13),51.0437347142857,16.910410071428558
Pietrzykowice - zakład,51.04801369785713,16.881691752142853
Smolec - Główna/Dworcowa,51.07225199999996,16.880387000000017
Smolec - Chłopska/Główna,51.0739256514287,16.88465273714292
Smolec - Lipowa/pętla,51.075005479999746,16.884421279999984
Lekarska,51.16084765403475,17.027538303918096
Rondo Obrońców Grodna,51.16537129769619,17.027715470859256
Konopackiej,51.16974860169622,17.023974709531956
Widawa,51.175533012690074,17.022996053157865
Psary - Wolności,51.18418600000018,17.028672999999877
Szymanów - skrzyż.,51.18840688529787,17.030578306953654
Szymanów (Widawska),51.19101799999977,17.027723754966846
Szymanów,51.19393413675465,17.019102682847656
Szymanów (Letnia),51.195173289668745,17.01472517350994
SZYMANÓW-pętla,51.197000000000095,17.00900000000001
Psary - Szkoła,51.186182193900606,17.030121983687973
Psary - Parkowa,51.18274778000002,17.039917885000012
KRZYŻANOWICE,51.174092420000164,17.04887767999993
Samotworska,51.118491069999855,16.847578764999984
Gałowska,51.11337708,16.845167005000054
Samotwór - Dębowa,51.106596500000016,16.83627000000001
Samotwór - Leśna,51.10301589000006,16.831233970000035
Skałka,51.09344081499998,16.828656055
Skałka - skrzy. W362,51.08987542,16.828676299999998
Kębłowice,51.08704300347828,16.851358325217404
Bielawa,51.16012167416246,17.252281755076204
Piecowice,51.144459413889095,17.21748061944443
Kiełczów - Akacjowa,51.13848108810584,17.193427246696046
Kiełczów - Boczna,51.13742821999996,17.188639760000093
Kiełczów - pętla (Plac Jana Gdaka),51.13956497999977,17.179015020000175
Kiełczów - WODROL,51.13504710000025,17.17568495999988
Kiełczów - osiedle,51.13249606768093,17.172110499277746
Wilczyce - Sosnowa,51.131565715399184,17.168127173688315
Wilczyce - Dębowa,51.130428044752605,17.163076300722324
Wilczyce - Dworska,51.12933028802246,17.154993336996085
Wilczyce - Borowa,51.1300661700002,17.15062075999999
Wilczyce - Wrocławska (na wys. nr 1F),51.13184618788255,17.145655220431312
Wilczyce,51.13306031450977,17.142900615843203
Mroźna,51.13489090878439,17.138178086823483
Kurlandzka,51.13680759607837,17.134285356862723
Zgorzelisko,51.138661467725775,17.130951319607917
Palacha,51.14053702901988,17.126377546627523
Wilczyce - szkoła,51.12963391000026,17.15202804
Kiełczów - cmentarz,51.1366407800001,17.17689630000014
Kiełczów - pętla/Wrocławska,51.139420980000004,17.18003442999998
Kiełczów - Zgodna,51.137622070000255,17.186928660000067
Raków - skrzy.,51.16780089285719,17.27526788346938
Raków - osiedle,51.16671544124989,17.269831509583312
Wysoka - Lipowa,51.045520329473696,17.01452996210525
Wysoka - Lipowa/Jeżynowa,51.04157389000008,17.014396499999982
Karwiany - skrzy. (Wrocławska/Majowa),51.021609223158066,17.00394712368421
Komorowice,51.01549256105273,17.00089870368422
Rzeplin - pętla,51.00332996999999,17.0198891
Wysoka - Lipowa/Parkowa,51.04266731999997,17.014440889999996
Żórawina - Wrocławska,50.986338519687386,17.03847023531251
Domaszczyn - Wrocławska Skrzyżowanie,51.18792602260415,17.1531854778125
Domaszczyn - Stawowa,51.188847858089986,17.150449466741634
Pruszowice,51.18862527999975,17.134178849999937
Długołęka - Kościół,51.172921400000256,17.192910170000005
Długołęka - Nowy Urząd,51.1740449600001,17.20218071999992
Kamień - Bursztynowa,51.16842415000011,17.213778980000054
Kamień - skrzy.,51.16693376999986,17.219300745000044
Kamień - Diamentowa,51.1673670263159,17.22514044736845
Długołęka - Broniewskiego (na wys. nr 11),51.17620981999995,17.191545610000034
Krajobrazowa,51.12905031499986,16.84003096499998
Las Ratyński,51.12339576000005,16.833047184999995
Ferma - stadnina koni,51.1181317499999,16.825582949999966
Gałów przy posesji nr 2,51.111876999999986,16.81670800000001
GAŁÓW (pętla),51.11189000000005,16.81062900000001
Gałów Przedszkole,51.111809,16.81668199999997
Okólna,51.10210506000002,17.067492549999997
Na Grobli (Hydropolis),51.104709085000046,17.05550076500001
Śliwice,51.12909028839287,17.21360088964281
Pietrzykowice,51.123126486071406,17.23238226071426
Brzezia Łąka - cmentarz,51.122635476250124,17.23904041321428
Brzezia Łąka - Wrocławska,51.123405313393036,17.245650598214233
Brzezia Łąka - skrzy. Orzechowa,51.12355800000016,17.25542500000001
Brzezia Łąka - skrzy. Główna,51.123272130833364,17.263262967499983
Kątna,51.13276366000005,17.28373259083334
Oleśniczka,51.14661100388884,17.28056892666667
Brzezia Łąka - skrzy. Sportowa,51.12361300000002,17.255523999999976
Borowa - szkoła,51.189276596666645,17.27912376666666
Borowa - stacja kolejowa,51.185220456666706,17.280043863333322
Raków I,51.16999048666664,17.27765376
Raków II,51.1689458366667,17.277282309999997
Raków III,51.158234916666615,17.272837670000012
Raków IV,51.15584038333329,17.274796563333336
Oleśniczka - skrzy.,51.14933692000005,17.282523449999996
BRZEZINA (pętla),51.20318539999992,16.826456999999973
Brzezina - Kościół,51.20230923239429,16.832763281690085
Brzezinka Średzka - ul. Główna,51.21584625090934,16.83699271999998
Brzezinka Średzka - ul. Kolejowa,51.218777293589724,16.838730972307683
Pisarzowice - Kolejowa,51.21378655897432,16.847405558974344
Pisarzowice - Szkolna,51.209820951282175,16.851292384615405
Pisarzowice - Odrzańska,51.205142797435954,16.852525048717936
Pisarzowice - Graniczna,51.197026884615475,16.85491045897438
Wilkszyn (pętla),51.19177287738329,16.862663737570113
Wilkszyn - Polna,51.188834499999956,16.866360799999974
Wilkszyn - Miłoszyn,51.183522400000264,16.871789700000054
Łososiowicka,51.17568713499992,16.881337069999976
Wilkszyńska,51.173593839999945,16.886446404999987
Brzezinka Średzka - PKP,51.21930065882354,16.83718662588236
Brzezinka Średzka - ul. Parkowa,51.21613529411769,16.82520129411766
Byków - Ogrodowa,51.1913525653846,17.23717157461537
Byków - Jaśminowa,51.192312090000016,17.24742866000001
Borowa - skrzy.,51.1955413878124,17.279823695937516
Stępin,51.208659631500005,17.28072830049999
Stępin - Kościół,51.21344150000003,17.2855453
Kamień - skrzy. Rubinowa,51.164213999999944,17.21842800000001
Kamień - skrzy. Diamentowa,51.16652699999999,17.21997599999998
Kamień - skrzy. Kryształowa,51.16355599999998,17.21534099999999
Gagarina,51.09533597433315,16.93468166757141
Smolec - Chłopska/Wrzosowa,51.086475057142835,16.91043329999996
Smolec - Chłopska/Śliwkowa,51.08426631904755,16.905467528571535
Smolec - Chłopska/Cisowa,51.080609104761756,16.897338747619074
Smolec - Dębowa (sklep),51.07693199999995,16.881542999999972
Krzeptów - skrzy.,51.08874606249967,16.875750109374984
Krzeptów - Boisko,51.090676499999965,16.885300999999966
Krzeptów - Dolina Krzeptowa,51.092291500000066,16.892478500000067
Smolec - Wiśniowa,51.08810549999998,16.908684500000003
Krzeptów - pętla,51.09014300000013,16.88057399999997
Smolec - Główna (na wys. nr 83),51.07578099999974,16.882817000000042
Smolec - Główna (na wys. nr 52),51.07198000000002,16.879561999999993
Kiełczów - Sosnowa,51.14364876000022,17.15865850999993
Kiełczów - Biedronka,51.14275663499986,17.16571848500005
Kiełczów - Wrocławska,51.141105830000015,17.17383720000004
Kiełczów - Mleczna,51.1402019599997,17.17808404000006
Kiełczów - Ładna,51.14361724999984,17.160006430000045
Kiełczów - Rzeczna,51.129627164999924,17.174681769999996
Kiełczówek - Sielska Zagroda,51.123726610000325,17.175266095000055
Kiełczówek,51.11944867999974,17.178998280000055
Kiełczówek - pętla,51.11896972000005,17.18638233999994
Kiełczówek - skrzy. Imbirowa,51.119490409999976,17.179212850000077
Brzezia Łąka - Główna,51.12257881999999,17.26493858
Brzezia Łąka - Główna pętla,51.121722390000045,17.27217965
Wilczyce - Wilczycka (Clarena),51.115808898571416,17.17118598476189
Wilczyce - Wilczycka (Stary Młyn),51.1227513980952,17.155095962380962
Kwiatkowskiego,51.05865774039217,16.955510771568672
Zabrodzie - pętla,51.05685801058823,16.945955617254917
Pruszowice - las,51.183297224025985,17.14482998467531
Odolanowska,51.16639973155833,17.128525752727263
Odrodzenia Polski,51.164175442467595,17.126008415324677
Skała - wieś,51.25951465478269,17.234292611449305
Węgrów (na wys. nr 27),51.26440635289848,17.223220966521747
Węgrów (na wys. nr 7),51.26529235637684,17.22033895217392
Krakowiany - skrzy.,51.263889242463726,17.190232913478255
Zaprężyn,51.252027726521845,17.192648625942002
Bierzyce - wieś,51.23839776971017,17.184715780869556
Bierzyce,51.23590351652188,17.18393762115941
Łozina - Milicka/szkoła,51.234800001014456,17.181275654782635
Łozina - Milicka/poczta,51.23327022608698,17.177586619420296
Łozina - Wrocławska (na wys. nr 18),51.230209172376064,17.172649116138686
Bąków,51.2118470526732,17.15946795841577
Bukowina - skrzy.,51.20483081325767,17.153591555606084
Domaszczyn - Trzebnicka,51.19612309301382,17.151924806986294
Domaszczyn - skrzy.,51.1889048602741,17.151170095890407
Bukowina,51.21064024283577,17.140115967611948
Godzieszowa - transformator,51.240826733809506,17.130316083809515
Godzieszowa (na wys. nr 3),51.23743392999996,17.12593225
Siedlec - stacja,51.234548359047615,17.12137378999999
Siedlec - skrzy. Osiedlowa,51.23398726399997,17.121502854666673
Tokary - osiedle,51.23077431666661,17.134889078666664
Tokary - centrum,51.23307402200001,17.140446150000006
Łozina - Nowego Osiedla II,51.233205046000016,17.164329164
Łozina - Nowego Osiedla I,51.23347947133331,17.171890679333334
Pasikurowice - n/ż,51.21589629000002,17.117397790000005
Pasikurowice - Energetyczna,51.21406289499994,17.10982864000001
Pasikurowice - skrzy. Malinowa,51.20966331500007,17.103964155000003
Pasikurowice - cmentarz,51.205002635000014,17.10094429500001
Ramiszów Stacja,51.192292400000035,17.10187211000001
Ramiszów,51.188784160000026,17.10147557000001
Pasikurowice - Wrocławska (na wys. nr 14),51.215210710000015,17.110853310000007
Siedlec - Wrocławska/szkoła,51.23006096999999,17.114616329999997
Godzieszowa (na wys. nr 8),51.238502090000054,17.128102979999998
Mirków - Kiełczowska (na wys. nr 14),51.16066334000001,17.16686974
Mirków - skrzy. Polna,51.15902467,17.170024119999997
Siedlec - Wrocławska/sklep,51.23099206999999,17.115843430000005
Brzezina - Biedronka,51.18717265000003,16.83301911999998
Brzezina - Zacisze,51.19073477000004,16.83372286999999
Brzezina - Osiedle,51.192414504999995,16.833439365
Brzezina - ul. Chrobrego,51.201488649999945,16.834853550000002
Wróblowice Innowacyjna,51.15312699999996,16.81463899999996
Lutynia Rondo,51.151591304347725,16.80606358695652
Lutynia Osiedle ul. Wschodnia,51.137805989130385,16.79601389130431
Lutynia Centrum,51.13511452000009,16.78350986000001
Krępice,51.153286637680985,16.81625920289855
Lutynia - Straż,51.134960935714275,16.782984574285713
Lutynia I,51.135705142857155,16.771886714285717
Lutynia - Kolonia,51.13174042857143,16.756177428571434
Radakowice - Świetlica,51.12920614285715,16.742964714285712
Łowęcice - Staw,51.121470076923075,16.740445769230778
Mokronos Dolny - Stawowa/Szczęśliwa,51.071288528292705,16.933222220243927
Mokronos Górny - Wrocławska/Gwarna,51.075664658536745,16.916625365853683
Smolec - Wrocławska,51.077319195121916,16.891695682926795
Skałka - skrzy. Małkowice,51.08940741176472,16.832778235294107
Małkowice - Główna,51.076986999999974,16.823653999999994
Wróblowice,51.15828822222223,16.78354588888889
Błonie,51.15867416666665,16.748763161111114
Źródła,51.15978411111112,16.723822666666667
Kadłub wieś,51.17458598777781,16.696724035555555
Kadłub NŻ,51.183006555555544,16.70455711111111
Miękinia Cegielnia,51.18827555555555,16.724646222222216
Miękinia - stacja PKP,51.1883153533333,16.73570422133334
Miękinia - pętla,51.193844000000006,16.739568
Krępice - Wrocławska,51.163031,16.8108455
Żurawiniec,51.176212,16.811841999999995
Mrozów - Świetlica,51.18563867499998,16.790861009999997
Mrozów - Wyzwolenia,51.1881755,16.786309500000005
Miękinia - Urząd Gminy,51.19397496500003,16.738047784999996
Klęka,51.20873103499999,16.749931675
Zabór Wielki,51.212241500000005,16.729407000000002
Zabór Mały,51.219204635000004,16.70337932499999
Lubiatów,51.22551750000002,16.695895000000004
Głoska - ul. Średzka,51.23989649999999,16.721381
Gąsiorów,51.242569789999976,16.74087237
Księginice ul. Sportowa,51.239037499999995,16.761334500000004
Księginice P&R,51.2423574,16.762288000000005
